age,sex,bmi,children,smoker,region,charges
18,male,38.17,0,yes,southeast,36307.7983
46,female,19.95,2,no,northwest,9193.8385
19,male,20.3,0,no,southwest,1242.26
55,female,37.1,0,no,southwest,10713.644
26,male,29.45,0,no,northeast,2897.3235
28,male,33.0,3,no,southeast,4449.462
41,female,31.635,1,no,northeast,7358.17565
43,female,20.045,2,yes,northeast,19798.05455
57,male,28.975,0,yes,northeast,27218.43725
45,male,30.36,0,yes,southeast,62592.87309
26,female,29.92,2,no,southeast,3981.9768
46,female,33.44,1,no,southeast,8240.5896
58,male,28.595,0,no,northwest,11735.87905
18,female,42.24,0,yes,southeast,38792.6856
24,male,23.655,0,no,northwest,2352.96845
41,male,34.2,2,no,northwest,7261.741
61,male,28.31,1,yes,northwest,28868.6639
40,male,26.315,1,no,northwest,6389.37785
53,male,26.41,2,no,northeast,11244.3769
41,male,34.21,1,no,southeast,6289.7549
63,female,25.08,0,no,northwest,14254.6082
56,female,32.3,3,no,northeast,13430.265
40,male,30.875,4,no,northwest,8162.71625
54,male,30.21,0,no,northwest,10231.4999
44,male,29.735,2,no,northeast,32108.66282
64,male,38.19,0,no,northeast,14410.9321
34,female,27.72,0,no,southeast,4415.1588
61,female,36.385,1,yes,northeast,48517.56315
29,male,34.4,0,yes,southwest,36197.699
26,male,30.0,1,no,southwest,2904.088
24,male,23.4,0,no,southwest,1969.614
36,female,25.84,0,no,northwest,5266.3656
44,female,25.8,1,no,southwest,7624.63
31,female,29.26,1,no,southeast,4350.5144
29,female,32.11,2,no,northwest,4922.9159
39,male,29.6,4,no,southwest,7512.267
42,female,36.195,1,no,northwest,7443.64305
49,female,22.61,1,no,northwest,9566.9909
57,male,27.94,1,no,southeast,11554.2236
58,female,41.91,0,no,southeast,24227.33724
54,male,40.565,3,yes,northeast,48549.17835
42,male,37.18,2,no,southeast,7162.0122
64,female,31.825,2,no,northeast,16069.08475
48,female,35.91,1,no,northeast,26392.26029
40,female,29.81,1,no,southeast,6500.2359
26,male,35.42,0,no,southeast,2322.6218
52,female,33.3,2,no,southwest,10806.839
33,female,36.29,3,no,northeast,6551.7501
57,female,20.1,1,no,southwest,12032.326
35,female,27.7,3,no,southwest,6414.178
39,female,34.32,5,no,southeast,8596.8278
18,female,40.28,0,no,northeast,2217.6012
61,male,43.4,0,no,southwest,12574.049
42,female,23.37,0,yes,northeast,19964.7463
36,female,30.02,0,no,northwest,5272.1758
26,male,20.8,0,no,southwest,2302.3
42,male,26.9,0,no,southwest,5969.723
22,male,37.62,1,yes,southeast,37165.1638
31,female,36.63,2,no,southeast,4949.7587
41,female,31.6,0,no,southwest,6186.127
19,female,30.495,0,no,northwest,2128.43105
51,female,21.56,1,no,southeast,9855.1314
29,male,38.94,1,no,southeast,3471.4096
27,male,42.13,0,yes,southeast,39611.7577
22,male,26.84,0,no,southeast,1664.9996
18,female,35.625,0,no,northeast,2211.13075
22,male,28.88,0,no,northeast,2250.8352
36,female,19.855,0,no,northeast,5458.04645
18,male,53.13,0,no,southeast,1163.4627
49,male,25.6,2,yes,southwest,23306.547
50,male,32.11,2,no,northeast,25333.33284
24,female,24.225,0,no,northwest,2842.76075
52,female,31.2,0,no,southwest,9625.92
47,female,45.32,1,no,southeast,8569.8618
54,female,31.9,3,no,southeast,27322.73386
50,female,26.22,2,no,northwest,10493.9458
56,female,28.31,0,no,northeast,11657.7189
29,male,28.975,1,no,northeast,4040.55825
19,male,34.1,0,no,southwest,1261.442
43,female,35.64,1,no,southeast,7345.7266
44,female,36.48,0,no,northeast,12797.20962
23,male,31.73,3,yes,northeast,36189.1017
58,male,34.39,0,no,northwest,11743.9341
48,female,22.8,0,no,southwest,8269.044
31,female,26.62,0,no,southeast,3757.8448
45,female,27.645,1,no,northwest,28340.18885
58,female,32.395,1,no,northeast,13019.16105
32,male,27.835,1,no,northwest,4454.40265
18,female,33.155,0,no,northeast,2207.69745
44,female,38.06,0,yes,southeast,48885.13561
25,female,32.23,1,no,southeast,18218.16139
44,male,38.06,1,no,southeast,7152.6714
46,female,34.6,1,yes,southwest,41661.602
50,female,23.54,2,no,southeast,10107.2206
57,female,23.98,1,no,southeast,22192.43711
25,male,26.22,0,no,northeast,2721.3208
22,male,37.07,2,yes,southeast,37484.4493
19,female,39.615,1,no,northwest,2730.10785
37,female,26.4,0,yes,southeast,19539.243
23,female,23.18,2,no,northwest,14426.07385
19,male,19.8,0,no,southwest,1241.565
57,male,43.7,1,no,southwest,11576.13
18,female,38.17,0,no,southeast,1631.6683
37,male,34.1,4,yes,southwest,40182.246
59,male,28.785,0,no,northwest,12129.61415
44,male,39.52,0,no,northwest,6948.7008
18,male,28.5,0,no,northeast,1712.227
63,male,33.1,0,no,southwest,13393.756
60,male,39.9,0,yes,southwest,48173.361
36,female,26.2,0,no,southwest,4883.866
35,male,28.9,3,no,southwest,5926.846
52,male,36.765,2,no,northwest,26467.09737
18,male,23.21,0,no,southeast,1121.8739
45,male,39.805,0,no,northeast,7448.40395
62,female,25.0,0,no,southwest,13451.122
28,female,33.4,0,no,southwest,3172.018
53,female,22.88,1,yes,southeast,23244.7902
60,female,18.335,0,no,northeast,13204.28565
56,male,25.935,0,no,northeast,11165.41765
45,female,25.7,3,no,southwest,9101.798
27,male,18.905,3,no,northeast,4827.90495
58,male,35.7,0,no,southwest,11362.755
53,female,32.3,2,no,northeast,29186.48236
53,male,21.4,1,no,southwest,10065.413
56,male,31.79,2,yes,southeast,43813.8661
48,female,41.23,4,no,northwest,11033.6617
60,female,28.7,1,no,southwest,13224.693
62,male,26.695,0,yes,northeast,28101.33305
40,female,25.46,1,no,northeast,7077.1894
63,male,35.09,0,yes,southeast,47055.5321
23,female,28.0,0,no,southwest,13126.67745
19,male,35.53,0,no,northwest,1646.4297
48,male,35.625,4,no,northeast,10736.87075
19,female,35.15,0,no,northwest,2134.9015
55,male,33.0,0,no,southeast,20781.48892
45,female,30.9,2,no,southwest,8520.026
33,female,26.695,0,no,northwest,4571.41305
53,male,24.32,0,no,northwest,9863.4718
54,female,35.815,3,no,northwest,12495.29085
41,female,28.05,1,no,southeast,6770.1925
52,male,24.32,3,yes,northeast,24869.8368
56,female,28.785,0,no,northeast,11658.37915
46,female,48.07,2,no,northeast,9432.9253
62,female,30.495,2,no,northwest,15019.76005
49,female,36.63,3,no,southeast,10381.4787
44,female,26.41,0,no,northwest,7419.4779
19,male,20.615,2,no,northwest,2803.69785
64,female,33.8,1,yes,southwest,47928.03
29,female,29.59,1,no,southeast,3947.4131
25,male,30.59,0,no,northeast,2727.3951
25,female,33.99,1,no,southeast,3227.1211
18,male,22.99,0,no,northeast,1704.5681
52,female,30.875,0,no,northeast,23045.56616
21,female,16.815,1,no,northeast,3167.45585
18,female,36.85,0,yes,southeast,36149.4835
41,male,30.78,3,yes,northeast,39597.4072
23,female,28.49,1,yes,southeast,18328.2381
32,female,28.93,0,no,southeast,3972.9247
35,female,43.34,2,no,southeast,5846.9176
48,female,27.36,1,no,northeast,9447.3824
34,male,34.675,0,no,northeast,4518.82625
26,male,23.7,2,no,southwest,3484.331
18,male,21.565,0,yes,northeast,13747.87235
21,male,26.03,0,no,northeast,2102.2647
46,female,27.72,1,no,southeast,8232.6388
48,female,31.13,0,no,southeast,8280.6227
25,male,24.13,0,yes,northwest,15817.9857
41,male,37.05,2,no,northwest,7265.7025
40,female,22.22,2,yes,southeast,19444.2658
52,female,30.78,1,no,northeast,10797.3362
23,male,35.2,1,no,southwest,2416.955
59,female,27.83,3,no,southeast,14001.2867
38,male,29.26,2,no,northwest,6457.8434
59,male,25.46,0,no,northwest,12124.9924
28,male,33.82,0,no,northwest,19673.33573
18,female,26.73,0,no,southeast,1615.7667
34,male,25.27,1,no,northwest,4894.7533
56,male,40.3,0,no,southwest,10602.385
31,female,21.755,0,no,northwest,4134.08245
19,male,20.7,0,no,southwest,1242.816
29,male,33.345,2,no,northwest,19442.3535
47,female,27.645,2,yes,northwest,24535.69855
38,female,27.835,2,no,northeast,7144.86265
26,female,34.2,2,no,southwest,3987.926
41,male,28.405,1,no,northwest,6664.68595
35,female,28.025,0,yes,northwest,20234.85475
61,female,31.16,0,no,northwest,13429.0354
31,male,27.645,2,no,northeast,5031.26955
45,male,30.495,2,no,northwest,8413.46305
50,female,31.6,2,no,southwest,10118.424
34,male,27.835,1,yes,northwest,20009.63365
43,male,30.115,3,no,northwest,8410.04685
23,male,18.715,0,no,northwest,21595.38229
29,female,26.03,0,no,northwest,3736.4647
52,female,37.4,0,no,southwest,9634.538
49,female,34.77,1,no,northwest,9583.8933
31,female,25.74,0,no,southeast,3756.6216
31,female,32.68,1,no,northwest,4738.2682
39,female,23.87,5,no,southeast,8582.3023
62,female,39.16,0,no,southeast,13470.8044
19,male,27.7,0,yes,southwest,16297.846
58,female,25.2,0,no,southwest,11837.16
36,female,29.92,1,no,southeast,5478.0368
40,male,32.3,2,no,northwest,6986.697
28,male,38.06,0,no,southeast,2689.4954
25,female,26.79,2,no,northwest,4189.1131
53,male,36.1,1,no,southwest,10085.846
34,male,27.0,2,no,southwest,11737.84884
26,male,32.9,2,yes,southwest,36085.219
26,male,31.065,0,no,northwest,2699.56835
33,male,35.75,2,no,southeast,4889.9995
48,female,32.23,1,no,southeast,8871.1517
31,female,38.095,1,yes,northeast,58571.07448
19,female,25.745,1,no,northwest,2710.82855
61,male,23.655,0,no,northeast,13129.60345
58,male,38.0,0,no,southwest,11365.952
42,male,35.97,2,no,southeast,7160.3303
64,female,26.885,0,yes,northwest,29330.98315
32,female,17.765,2,yes,northwest,32734.1863
18,male,23.32,1,no,southeast,1711.0268
48,male,29.6,0,no,southwest,21232.18226
32,female,37.145,3,no,northeast,6334.34355
22,male,39.5,0,no,southwest,1682.597
47,male,19.19,1,no,northeast,8627.5411
57,female,28.785,4,no,northeast,14394.39815
59,female,32.395,3,no,northeast,14590.63205
53,male,20.9,0,yes,southeast,21195.818
36,male,28.595,3,no,northwest,6548.19505
33,female,39.82,1,no,southeast,4795.6568
24,female,33.345,0,no,northwest,2855.43755
22,female,34.58,2,no,northeast,3925.7582
42,male,31.255,0,no,northwest,6358.77645
56,female,41.91,0,no,southeast,11093.6229
37,female,25.555,1,yes,northeast,20296.86345
54,male,30.8,1,yes,southeast,41999.52
45,female,39.995,3,no,northeast,9704.66805
43,male,32.6,2,no,southwest,7441.501
18,female,38.665,2,no,northeast,3393.35635
45,male,24.035,2,no,northeast,8604.48365
48,female,28.88,1,no,northwest,9249.4952
21,male,23.21,0,no,southeast,1515.3449
18,female,21.66,0,yes,northeast,14283.4594
58,male,34.865,0,no,northeast,11944.59435
26,female,29.92,1,no,southeast,3392.9768
42,male,26.07,1,yes,southeast,38245.59327
61,male,31.57,0,no,southeast,12557.6053
57,female,23.18,0,no,northwest,11830.6072
62,male,32.11,0,no,northeast,13555.0049
59,female,32.1,3,no,southwest,14007.222
36,male,34.43,2,no,southeast,5584.3057
47,female,33.345,0,no,northeast,20878.78443
42,male,24.86,0,no,southeast,5966.8874
51,male,22.42,0,no,northeast,9361.3268
54,female,30.8,3,no,southwest,12105.32
36,male,34.43,0,yes,southeast,37742.5757
45,male,22.895,2,yes,northwest,21098.55405
52,male,27.36,0,yes,northwest,24393.6224
50,male,26.6,0,no,southwest,8444.474
50,male,26.41,0,no,northwest,8827.2099
37,female,17.29,2,no,northeast,6877.9801
29,male,22.895,0,yes,northeast,16138.76205
18,male,29.37,1,no,southeast,1719.4363
44,female,36.955,1,no,northwest,8023.13545
46,male,22.3,0,no,southwest,7147.105
18,female,38.28,0,no,southeast,1631.8212
45,male,27.5,3,no,southwest,8615.3
29,male,32.11,2,no,northwest,4433.9159
64,female,39.33,0,no,northeast,14901.5167
37,female,34.105,1,no,northwest,6112.35295
46,female,35.53,0,yes,northeast,42111.6647
18,male,34.1,0,no,southeast,1137.011
57,female,34.295,2,no,northeast,13224.05705
29,male,35.5,2,yes,southwest,44585.45587
35,male,27.61,1,no,southeast,4747.0529
48,male,24.42,0,yes,southeast,21223.6758
61,male,36.1,3,no,southwest,27941.28758
22,male,25.175,0,no,northwest,2045.68525
18,male,17.29,2,yes,northeast,12829.4551
21,female,21.89,2,no,southeast,3180.5101
54,male,39.6,1,no,southwest,10450.552
19,female,29.8,0,no,southwest,1744.465
40,male,35.3,3,no,southwest,7196.867
28,female,34.77,0,no,northwest,3556.9223
42,female,33.155,1,no,northeast,7639.41745
23,female,28.12,0,no,northwest,2690.1138
32,female,29.735,0,no,northwest,4357.04365
40,male,25.08,0,no,southeast,5415.6612
50,male,32.3,1,yes,northeast,41919.097
21,female,25.8,0,no,southwest,2007.945
38,male,16.815,2,no,northeast,6640.54485
59,male,29.83,3,yes,northeast,30184.9367
60,male,29.64,0,no,northeast,12730.9996
25,male,23.9,5,no,southwest,5080.096
18,female,25.08,0,no,northeast,2196.4732
43,male,25.52,5,no,southeast,14478.33015
54,female,31.9,1,no,southeast,10928.849
28,female,37.62,1,no,southeast,3766.8838
36,female,29.04,4,no,southeast,7243.8136
28,male,29.26,2,no,northeast,4438.2634
64,male,39.16,1,no,southeast,14418.2804
47,male,36.08,1,yes,southeast,42211.1382
64,male,23.76,0,yes,southeast,26926.5144
24,male,26.79,1,no,northwest,12609.88702
41,female,28.31,1,no,northwest,7153.5539
41,female,32.2,1,no,southwest,6775.961
56,male,34.43,0,no,southeast,10594.2257
62,female,33.2,0,no,southwest,13462.52
23,female,33.4,0,no,southwest,10795.93733
29,female,27.94,1,yes,southeast,19107.7796
39,female,23.275,3,no,northeast,7986.47525
51,male,42.9,2,yes,southeast,47462.894
25,female,42.13,1,no,southeast,3238.4357
19,female,30.02,0,yes,northwest,33307.5508
55,male,32.775,0,no,northwest,10601.63225
58,male,36.08,0,no,southeast,11363.2832
19,female,27.93,3,no,northwest,18838.70366
19,male,26.03,1,yes,northwest,16450.8947
37,male,24.32,2,no,northwest,6198.7518
47,female,26.125,1,yes,northeast,23401.30575
48,female,33.33,0,no,southeast,8283.6807
33,male,22.705,0,no,northwest,21984.47061
43,male,35.97,3,yes,southeast,42124.5153
47,male,29.8,3,yes,southwest,25309.489
33,female,38.9,3,no,southwest,5972.378
40,male,41.69,0,no,southeast,5438.7491
31,female,31.065,0,no,northeast,4347.02335
36,female,22.135,3,no,northeast,7228.21565
40,female,27.4,1,no,southwest,6496.886
43,male,35.31,2,no,southeast,18806.14547
27,female,32.395,1,no,northeast,18903.49141
34,female,38.0,3,no,southwest,6196.448
18,female,20.79,0,no,southeast,1607.5101
53,female,38.06,3,no,southeast,20462.99766
44,male,30.69,2,no,southeast,7731.4271
52,male,30.2,1,no,southwest,9724.53
45,male,30.2,1,no,southwest,7441.053
63,male,33.66,3,no,southeast,15161.5344
51,male,24.795,2,yes,northwest,23967.38305
19,male,24.6,1,no,southwest,1837.237
44,male,22.135,2,no,northeast,8302.53565
46,female,33.725,1,no,northeast,8823.98575
19,male,21.755,0,no,northwest,1627.28245
30,male,31.4,1,no,southwest,3659.346
53,male,30.495,0,no,northeast,10072.05505
18,female,36.85,0,no,southeast,1629.8335
49,male,36.85,0,no,southeast,8125.7845
63,female,37.7,0,yes,southwest,48824.45
45,female,28.6,2,no,southeast,8516.829
61,male,36.3,1,yes,southwest,47403.88
19,male,29.07,0,yes,northwest,17352.6803
19,female,31.825,1,no,northwest,2719.27975
40,female,41.42,1,no,northwest,28476.73499
27,male,32.67,0,no,southeast,2497.0383
28,female,26.51,2,no,southeast,4340.4409
18,male,31.68,2,yes,southeast,34303.1672
33,male,35.245,0,no,northeast,12404.8791
20,female,30.59,0,no,northeast,2459.7201
46,male,25.745,3,no,northwest,9301.89355
34,male,22.42,2,no,northeast,27375.90478
18,male,37.29,0,no,southeast,1141.4451
34,female,33.25,1,no,northeast,5594.8455
43,male,27.36,3,no,northeast,8606.2174
49,female,23.18,2,no,northwest,10156.7832
64,male,33.88,0,yes,southeast,46889.2612
27,male,30.5,0,no,southwest,2494.022
49,male,30.3,0,no,southwest,8116.68
21,female,39.49,0,no,southeast,2026.9741
45,female,30.495,1,yes,northwest,39725.51805
43,female,25.27,1,yes,northeast,21771.3423
37,male,30.8,0,no,southwest,4646.759
35,male,38.6,1,no,southwest,4762.329
27,male,33.66,0,no,southeast,2498.4144
33,female,18.5,1,no,southwest,4766.022
59,female,23.655,0,yes,northwest,25678.77845
59,female,26.505,0,no,northeast,12815.44495
38,male,34.7,2,no,southwest,6082.405
25,female,34.485,0,no,northwest,3021.80915
60,female,24.035,0,no,northwest,13012.20865
50,male,27.455,1,no,northeast,9617.66245
63,female,32.2,2,yes,southwest,47305.305
30,female,23.655,3,yes,northwest,18765.87545
33,female,35.53,0,yes,northwest,55135.40209
26,female,42.4,1,no,southwest,3410.324
59,female,26.695,3,no,northwest,14382.70905
45,male,24.31,5,no,southeast,9788.8659
36,male,28.88,3,no,northeast,6748.5912
60,male,28.9,0,no,southwest,12146.971
64,male,37.905,0,no,northwest,14210.53595
48,female,27.93,4,no,northwest,11015.1747
22,male,32.11,0,no,northwest,2055.3249
61,male,33.915,0,no,northeast,13143.86485
50,male,25.365,2,no,northwest,30284.64294
22,female,28.82,0,no,southeast,2156.7518
59,male,26.4,0,no,southeast,11743.299
24,female,39.49,0,no,southeast,2480.9791
37,female,47.6,2,yes,southwest,46113.511
60,female,38.06,0,no,southeast,12648.7034
38,male,38.39,3,yes,southeast,41949.2441
37,female,29.5,2,no,southwest,6311.952
18,male,34.43,0,no,southeast,1137.4697
38,female,30.21,3,no,northwest,7537.1639
43,female,29.9,1,no,southwest,7337.748
19,female,28.3,0,yes,southwest,17081.08
56,male,33.725,0,no,northwest,10976.24575
46,male,42.35,3,yes,southeast,46151.1245
47,female,29.37,1,no,southeast,8547.6913
50,female,27.6,1,yes,southwest,24520.264
20,female,31.46,0,no,southeast,1877.9294
46,male,40.375,2,no,northwest,8733.22925
52,female,31.73,2,no,northwest,11187.6567
34,female,26.73,1,no,southeast,5002.7827
52,male,33.25,0,no,northeast,9722.7695
51,female,36.67,2,no,northwest,10848.1343
62,female,39.2,0,no,southwest,13470.86
40,female,33.0,3,no,southeast,7682.67
57,male,28.1,0,no,southwest,10965.446
44,male,25.365,1,no,northwest,7518.02535
39,male,26.22,1,no,northwest,6123.5688
18,male,21.47,0,no,northeast,1702.4553
62,male,39.93,0,no,southeast,12982.8747
45,female,25.175,2,no,northeast,9095.06825
53,female,37.43,1,no,northwest,10959.6947
24,male,35.86,0,no,southeast,1986.9334
59,female,34.8,2,no,southwest,36910.60803
19,male,28.7,0,no,southwest,1253.936
28,female,33.0,2,no,southeast,4349.462
62,male,27.55,1,no,northwest,13937.6665
19,female,28.31,0,yes,northwest,17468.9839
48,female,28.9,0,no,southwest,8277.523
45,female,36.3,2,no,southeast,8527.532
33,male,30.25,0,no,southeast,3704.3545
19,female,32.9,0,no,southwest,1748.774
58,female,39.05,0,no,southeast,11856.4115
39,male,32.34,2,no,southeast,6338.0756
56,female,35.8,1,no,southwest,11674.13
24,female,27.6,0,no,southwest,18955.22017
43,female,46.2,0,yes,southeast,45863.205
41,male,21.78,1,no,southeast,6272.4772
26,female,19.8,1,no,southwest,3378.91
39,female,22.8,3,no,northeast,7985.815
52,male,34.485,3,yes,northwest,60021.39897
21,female,32.68,2,no,northwest,26018.95052
39,male,26.41,0,yes,northeast,20149.3229
41,female,31.02,0,no,southeast,6185.3208
64,male,34.5,0,no,southwest,13822.803
29,female,25.9,0,no,southwest,3353.284
24,female,26.6,0,no,northeast,3046.062
28,male,23.98,3,yes,southeast,17663.1442
32,male,28.12,4,yes,northwest,21472.4788
25,male,33.66,4,no,southeast,4504.6624
60,male,24.32,1,no,northwest,13112.6048
26,female,29.64,4,no,northeast,24671.66334
37,male,29.83,2,no,northeast,6406.4107
37,male,37.07,1,yes,southeast,39871.7043
61,female,29.07,0,yes,northwest,29141.3603
18,male,26.125,0,no,northeast,1708.92575
51,female,34.96,2,yes,northeast,44641.1974
41,female,21.755,1,no,northeast,13725.47184
19,male,28.4,1,no,southwest,1842.519
49,female,27.17,0,no,southeast,8601.3293
61,female,35.91,0,no,northeast,13635.6379
35,male,34.32,3,no,southeast,5934.3798
41,male,29.64,5,no,northeast,9222.4026
46,male,19.855,0,no,northwest,7526.70645
41,male,32.2,2,no,southwest,6875.961
18,male,26.18,2,no,southeast,2304.0022
49,male,28.69,3,no,northwest,10264.4421
24,male,32.7,0,yes,southwest,34472.841
23,female,31.4,0,yes,southwest,34166.273
39,female,32.5,1,no,southwest,6238.298
51,male,25.4,0,no,southwest,8782.469
47,female,32.0,1,no,southwest,8551.347
57,female,28.7,0,no,southwest,11455.28
50,male,34.2,2,yes,southwest,42856.838
38,male,28.27,1,no,southeast,5484.4673
20,male,27.3,0,yes,southwest,16232.847
37,female,23.37,2,no,northwest,6686.4313
33,male,42.46,1,no,southeast,11326.71487
24,female,20.52,0,yes,northeast,14571.8908
38,female,37.73,0,no,southeast,5397.6167
43,male,20.13,2,yes,southeast,18767.7377
49,female,31.9,5,no,southwest,11552.904
34,male,21.375,0,no,northeast,4500.33925
55,female,30.14,2,no,southeast,11881.9696
63,female,26.22,0,no,northwest,14256.1928
55,female,29.7,2,no,southwest,11881.358
53,female,26.6,0,no,northwest,10355.641
39,female,18.3,5,yes,southwest,19023.26
27,male,45.9,2,no,southwest,3693.428
53,male,34.105,0,yes,northeast,43254.41795
22,male,33.77,0,no,southeast,1674.6323
41,female,32.965,0,no,northwest,6571.02435
48,female,32.3,2,no,northeast,10043.249
42,female,29.0,1,no,southwest,7050.642
41,male,30.59,2,no,northwest,7256.7231
52,male,32.205,3,no,northeast,11488.31695
30,female,19.95,3,no,northwest,5693.4305
32,female,41.1,0,no,southwest,3989.841
40,female,28.69,3,no,northwest,8059.6791
46,male,33.44,1,no,northeast,8334.5896
30,male,44.22,2,no,southeast,4266.1658
35,male,24.42,3,yes,southeast,19361.9988
37,male,29.64,0,no,northwest,5028.1466
47,female,24.32,0,no,northeast,8534.6718
59,male,41.14,1,yes,southeast,48970.2476
52,male,26.4,3,no,southeast,25992.82104
40,male,34.105,1,no,northeast,6600.20595
53,female,35.9,2,no,southwest,11163.568
52,female,18.335,0,no,northwest,9991.03765
59,female,31.35,0,no,northwest,12622.1795
52,female,44.7,3,no,southwest,11411.685
19,female,24.7,0,no,southwest,1737.376
48,male,30.2,2,no,southwest,8968.33
19,male,31.92,0,yes,northwest,33750.2918
25,male,27.55,0,no,northwest,2523.1695
23,male,32.56,0,no,southeast,1824.2854
62,male,37.4,0,no,southwest,12979.358
34,female,31.92,1,yes,northeast,37701.8768
18,male,33.33,0,no,southeast,1135.9407
24,female,30.21,3,no,northwest,4618.0799
32,male,30.8,3,no,southwest,5253.524
30,female,22.895,1,no,northeast,4719.52405
38,female,34.8,2,no,southwest,6571.544
61,male,32.3,2,no,northwest,14119.62
34,female,23.56,0,no,northeast,4992.3764
44,male,31.35,1,yes,northeast,39556.4945
37,female,30.78,0,yes,northeast,37270.1512
38,female,40.565,1,no,northwest,6373.55735
31,male,29.81,0,yes,southeast,19350.3689
58,female,28.215,0,no,northwest,12224.35085
38,male,31.0,1,no,southwest,5488.262
29,female,25.6,4,no,southwest,5708.867
57,female,29.81,0,yes,southeast,27533.9129
46,male,25.8,5,no,southwest,10096.97
25,female,30.2,0,yes,southwest,33900.653
42,female,24.985,2,no,northwest,8017.06115
20,male,32.395,1,no,northwest,2362.22905
36,male,31.5,0,no,southwest,4402.233
63,female,35.2,1,no,southeast,14474.675
49,male,25.84,2,yes,northwest,23807.2406
18,male,25.175,0,yes,northeast,15518.18025
47,male,19.57,1,no,northwest,8428.0693
46,female,23.655,1,yes,northwest,21677.28345
30,male,24.13,1,no,northwest,4032.2407
28,male,35.435,0,no,northeast,3268.84665
31,male,28.5,5,no,northeast,6799.458
51,male,33.33,3,no,southeast,10560.4917
31,female,30.495,3,no,northeast,6113.23105
20,male,30.115,5,no,northeast,4915.05985
29,male,22.515,3,no,northeast,5209.57885
58,female,33.44,0,no,northwest,12231.6136
52,female,38.38,2,no,northeast,11396.9002
39,female,34.1,3,no,southwest,7418.522
45,female,35.3,0,no,southwest,7348.142
18,male,30.14,0,no,southeast,1131.5066
27,female,23.21,1,no,southeast,3561.8889
35,female,35.86,2,no,southeast,5836.5204
32,male,46.53,2,no,southeast,4686.3887
48,male,40.15,0,no,southeast,7804.1605
38,male,37.05,1,no,northeast,6079.6715
58,female,22.77,0,no,southeast,11833.7823
49,female,30.78,1,no,northeast,9778.3472
18,female,31.35,0,no,southeast,1622.1885
39,female,32.8,0,no,southwest,5649.715
35,male,24.13,1,no,northwest,5125.2157
21,male,31.02,0,no,southeast,16586.49771
27,female,31.255,1,no,northwest,3956.07145
42,female,26.6,0,yes,northwest,21348.706
38,female,40.15,0,no,southeast,5400.9805
39,female,31.92,2,no,northwest,7209.4918
41,female,33.06,2,no,northwest,7749.1564
22,male,19.95,3,no,northeast,4005.4225
53,male,28.88,0,no,northwest,9869.8102
59,female,27.72,3,no,southeast,14001.1338
43,male,30.1,1,no,southwest,6849.026
61,female,21.09,0,no,northwest,13415.0381
28,male,24.3,5,no,southwest,5615.369
42,male,24.605,2,yes,northeast,21259.37795
31,female,25.8,2,no,southwest,4934.705
18,male,33.535,0,yes,northeast,34617.84065
56,female,37.51,2,no,southeast,12265.5069
34,male,35.815,0,no,northwest,4320.41085
62,female,31.73,0,no,northeast,14043.4767
20,male,33.0,1,no,southwest,1980.07
23,male,41.91,0,no,southeast,1837.2819
32,male,28.93,1,yes,southeast,19719.6947
24,female,33.99,0,no,southeast,2473.3341
47,male,38.94,2,yes,southeast,44202.6536
51,male,37.0,0,no,southwest,8798.593
19,female,27.9,0,yes,southwest,16884.924
25,male,25.74,0,no,southeast,2137.6536
37,male,28.025,2,no,northwest,6203.90175
50,male,37.07,1,no,southeast,9048.0273
18,male,43.01,0,no,southeast,1149.3959
35,female,35.815,1,no,northwest,5630.45785
60,male,28.595,0,no,northeast,30259.99556
24,female,29.925,0,no,northwest,2850.68375
42,male,30.0,0,yes,southwest,22144.032
42,male,35.8,2,no,southwest,7160.094
44,male,27.4,2,no,southwest,7726.854
56,male,22.1,0,no,southwest,10577.087
25,male,26.695,4,no,northwest,4877.98105
45,male,23.56,2,no,northeast,8603.8234
57,female,31.16,0,yes,northwest,43578.9394
51,female,18.05,0,no,northwest,9644.2525
61,female,22.04,0,no,northeast,13616.3586
52,female,46.75,5,no,southeast,12592.5345
46,male,26.62,1,no,southeast,7742.1098
49,male,28.7,1,no,southwest,8703.456
50,female,25.6,0,no,southwest,8932.084
57,male,18.335,0,no,northeast,11534.87265
30,male,24.4,3,yes,southwest,18259.216
57,female,38.0,2,no,southwest,12646.207
23,male,32.7,3,no,southwest,3591.48
30,female,43.12,2,no,southeast,4753.6368
49,female,27.1,1,no,southwest,26140.3603
18,female,40.185,0,no,northeast,2217.46915
53,male,31.16,1,no,northwest,10461.9794
48,male,34.3,3,no,southwest,9563.029
33,male,24.795,0,yes,northeast,17904.52705
49,female,23.845,3,yes,northeast,24106.91255
53,female,33.25,0,no,northeast,10564.8845
29,female,31.16,0,no,northeast,3943.5954
18,female,39.16,0,no,southeast,1633.0444
51,male,32.3,1,no,northeast,9964.06
30,male,35.3,0,yes,southwest,36837.467
48,female,25.85,3,yes,southeast,24180.9335
30,male,22.99,2,yes,northwest,17361.7661
63,male,39.8,3,no,southwest,15170.069
56,male,33.63,0,yes,northwest,43921.1837
18,female,24.09,1,no,southeast,2201.0971
23,male,23.845,0,no,northeast,2395.17155
26,female,29.48,1,no,southeast,3392.3652
19,female,34.7,2,yes,southwest,36397.576
40,female,28.12,1,yes,northeast,22331.5668
35,female,34.105,3,yes,northwest,39983.42595
36,male,33.82,1,no,northwest,5377.4578
29,male,27.94,0,no,southeast,2867.1196
26,male,27.265,3,no,northeast,4661.28635
25,male,33.33,2,yes,southeast,36124.5737
22,male,35.6,0,yes,southwest,35585.576
24,male,32.01,0,no,southeast,1981.5819
61,female,39.1,2,no,southwest,14235.072
51,male,35.97,1,no,southeast,9386.1613
47,male,29.83,3,no,northwest,9620.3307
45,male,28.7,2,no,southwest,8027.968
35,female,34.21,1,no,southeast,5245.2269
34,female,19.0,3,no,northeast,6753.038
48,male,36.67,1,no,northwest,28468.91901
27,female,31.4,0,yes,southwest,34838.873
22,female,20.235,0,no,northwest,2527.81865
46,female,27.74,0,no,northwest,8026.6666
46,male,30.495,3,yes,northwest,40720.55105
55,female,32.775,2,no,northwest,12268.63225
47,female,27.83,0,yes,southeast,23065.4207
22,female,28.05,0,no,southeast,2155.6815
25,male,29.7,3,yes,southwest,19933.458
23,female,39.27,2,no,southeast,3500.6123
64,male,36.96,2,yes,southeast,49577.6624
63,male,36.765,0,no,northeast,13981.85035
50,female,46.09,1,no,southeast,9549.5651
58,female,33.1,0,no,southwest,11848.141
41,male,35.75,1,yes,southeast,40273.6455
24,male,33.63,4,no,northeast,17128.42608
35,male,30.5,1,no,southwest,4751.07
55,male,37.715,3,no,northwest,30063.58055
46,male,24.795,3,no,northeast,9500.57305
37,male,29.8,0,no,southwest,20420.60465
49,male,29.83,1,no,northeast,9288.0267
62,female,36.86,1,no,northeast,31620.00106
19,female,28.6,5,no,southwest,4687.797
37,female,30.8,2,no,southeast,6313.759
49,male,25.84,1,no,northeast,9282.4806
24,female,25.27,0,no,northeast,3044.2133
40,female,29.3,4,no,southwest,15828.82173
57,male,40.28,0,no,northeast,20709.02034
26,male,33.915,1,no,northwest,3292.52985
19,male,25.555,1,no,northwest,2221.56445
38,female,27.265,1,no,northeast,6555.07035
32,male,37.18,2,no,southeast,4673.3922
60,male,25.74,0,no,southeast,12142.5786
41,male,28.8,1,no,southwest,6282.235
54,female,47.41,0,yes,southeast,63770.42801
64,male,24.7,1,no,northwest,30166.61817
20,female,37.0,5,no,southwest,4830.63
39,male,24.51,2,no,northwest,6710.1919
33,female,42.94,3,no,northwest,6360.9936
30,male,37.43,3,no,northeast,5428.7277
42,male,24.64,0,yes,southeast,19515.5416
30,female,33.33,1,no,southeast,4151.0287
48,female,36.575,0,no,northwest,8671.19125
57,female,22.23,0,no,northeast,12029.2867
38,male,19.3,0,yes,southwest,15820.699
25,male,45.54,2,yes,southeast,42112.2356
41,male,23.94,1,no,northeast,6858.4796
50,female,44.745,0,no,northeast,9541.69555
54,female,46.7,2,no,southwest,11538.421
24,female,23.21,0,no,southeast,25081.76784
26,male,46.53,1,no,southeast,2927.0647
18,female,31.13,0,no,southeast,1621.8827
61,male,33.535,0,no,northeast,13143.33665
19,female,22.515,0,no,northwest,2117.33885
18,male,33.77,1,no,southeast,1725.5523
26,male,30.875,2,no,northwest,3877.30425
35,male,36.67,1,yes,northeast,39774.2763
63,male,31.445,0,no,northeast,13974.45555
51,male,30.03,1,no,southeast,9377.9047
22,male,31.35,1,no,northwest,2643.2685
50,female,30.115,1,no,northwest,9910.35985
42,female,26.18,1,no,southeast,7046.7222
53,female,39.6,1,no,southeast,10579.711
52,male,38.6,2,no,southwest,10325.206
30,female,39.05,3,yes,southeast,40932.4295
42,female,25.3,1,no,southwest,7045.499
31,male,26.885,1,no,northeast,4441.21315
46,female,30.2,2,no,southwest,8825.086
18,female,30.305,0,no,northeast,2203.73595
60,female,25.84,0,no,northwest,28923.13692
52,male,32.775,3,no,northwest,11289.10925
37,male,30.875,3,no,northwest,6796.86325
31,male,36.3,2,yes,southwest,38711.0
54,female,31.24,0,no,southeast,10338.9316
18,male,25.46,0,no,northeast,1708.0014
51,female,34.2,1,no,southwest,9872.701
51,female,40.66,0,no,northeast,9875.6804
20,female,28.785,0,no,northeast,2457.21115
47,female,33.915,3,no,northwest,10115.00885
20,female,21.8,0,yes,southwest,20167.33603
29,female,38.83,3,no,southeast,5138.2567
24,male,28.5,0,yes,northeast,35147.52848
24,male,29.83,0,yes,northeast,18648.4217
55,female,30.5,0,no,southwest,10704.47
32,female,31.54,1,no,northeast,5148.5526
43,female,26.885,0,yes,northwest,21774.32215
63,female,36.3,0,no,southeast,13887.204
59,female,36.765,1,yes,northeast,47896.79135
32,male,28.88,0,no,northwest,3866.8552
35,female,31.0,1,no,southwest,5240.765
28,male,31.68,0,yes,southeast,34672.1472
42,male,28.31,3,yes,northwest,32787.45859
64,female,22.99,0,yes,southeast,27037.9141
38,male,28.025,1,no,northeast,6067.12675
54,female,32.68,0,no,northeast,10923.9332
44,female,20.235,1,yes,northeast,19594.80965
20,female,31.79,2,no,southeast,3056.3881
50,male,32.3,2,no,southwest,9630.397
63,male,41.47,0,no,southeast,13405.3903
55,female,29.83,0,no,northeast,11286.5387
44,male,34.32,1,no,southeast,7147.4728
43,female,26.7,2,yes,southwest,22478.6
36,male,33.4,2,yes,southwest,38415.474
46,male,38.17,2,no,southeast,8347.1643
34,male,30.8,0,yes,southwest,35491.64
43,female,25.08,0,no,northeast,7325.0482
54,male,33.63,1,no,northwest,10825.2537
47,female,24.1,1,no,southwest,26236.57997
24,male,28.5,2,no,northwest,3537.703
43,male,34.96,1,yes,northeast,41034.2214
62,male,38.83,0,no,southeast,12981.3457
59,male,37.1,1,no,southwest,12347.172
20,female,26.84,1,yes,southeast,17085.2676
20,female,33.0,0,no,southeast,1880.07
56,male,36.1,3,no,southwest,12363.547
19,female,28.88,0,yes,northwest,17748.5062
18,female,33.88,0,no,southeast,11482.63485
38,female,30.69,1,no,southeast,5976.8311
30,female,21.945,1,no,northeast,4718.20355
35,female,26.125,0,no,northeast,5227.98875
54,male,24.035,0,no,northeast,10422.91665
18,male,30.4,3,no,northeast,3481.868
58,female,36.48,0,no,northwest,12235.8392
18,female,29.165,0,no,northeast,7323.734819
56,female,28.595,0,no,northeast,11658.11505
58,female,27.17,0,no,northwest,12222.8983
29,male,37.29,2,no,southeast,4058.1161
48,male,30.78,3,no,northeast,10141.1362
46,male,33.345,1,no,northeast,8334.45755
58,male,32.01,1,no,southeast,11946.6259
54,female,21.47,3,no,northwest,12475.3513
57,male,40.945,0,no,northeast,11566.30055
60,female,24.53,0,no,southeast,12629.8967
45,male,21.375,0,no,northwest,7222.78625
19,male,30.4,0,no,southwest,1256.299
54,male,25.1,3,yes,southwest,25382.297
18,male,21.78,2,no,southeast,11884.04858
19,male,27.6,0,no,southwest,1252.407
56,male,32.11,1,no,northeast,11763.0009
52,female,24.13,1,yes,northwest,23887.6627
27,male,30.3,3,no,southwest,4260.744
47,male,25.41,1,yes,southeast,21978.6769
23,female,32.78,2,yes,southeast,36021.0112
47,female,23.6,1,no,southwest,8539.671
61,male,38.38,0,no,northwest,12950.0712
44,female,32.34,1,no,southeast,7633.7206
50,male,30.97,3,no,northwest,10600.5483
58,male,36.955,2,yes,northwest,47496.49445
24,female,27.72,0,no,southeast,2464.6188
34,female,37.335,2,no,northwest,5989.52365
23,female,36.67,2,yes,northeast,38511.6283
25,male,24.985,2,no,northeast,23241.47453
35,male,17.86,1,no,northwest,5116.5004
26,female,28.785,0,no,northeast,3385.39915
55,female,32.395,1,no,northeast,11879.10405
25,female,22.515,1,no,northwest,3594.17085
24,female,30.1,3,no,southwest,4234.927
40,female,36.19,0,no,southeast,5920.1041
19,female,30.59,2,no,northwest,24059.68019
52,female,37.525,2,no,northwest,33471.97189
27,male,26.03,0,no,northeast,3070.8087
64,female,30.115,3,no,northwest,16455.70785
27,female,36.08,0,yes,southeast,37133.8982
39,male,29.925,1,yes,northeast,22462.04375
48,male,28.0,1,yes,southwest,23568.272
56,male,19.95,0,yes,northeast,22412.6485
64,male,26.41,0,no,northeast,14394.5579
18,male,33.66,0,no,southeast,1136.3994
34,female,30.21,1,yes,northwest,43943.8761
40,female,32.775,2,yes,northwest,40003.33225
21,male,25.7,4,yes,southwest,17942.106
25,female,23.465,0,no,northeast,3206.49135
56,female,25.3,0,no,southwest,11070.535
41,male,40.26,0,no,southeast,5709.1644
34,female,27.5,1,no,southwest,5003.853
47,female,26.6,2,no,northeast,9715.841
53,male,41.47,0,no,southeast,9504.3103
29,male,29.735,2,no,northwest,18157.876
51,female,33.915,0,no,northeast,9866.30485
54,female,32.3,1,no,northeast,11512.405
25,female,30.3,0,no,southwest,2632.992
36,female,29.92,0,no,southeast,4889.0368
19,female,20.6,0,no,southwest,1731.677
47,female,36.63,1,yes,southeast,42969.8527
57,male,23.7,0,no,southwest,10959.33
54,male,32.775,0,no,northeast,10435.06525
19,male,25.175,0,no,northwest,1632.03625
28,female,24.32,1,no,northeast,23288.9284
38,female,19.475,2,no,northwest,6933.24225
53,male,36.6,3,no,southwest,11264.541
32,female,24.6,0,yes,southwest,17496.306
28,male,37.1,1,no,southwest,3277.161
51,male,31.635,0,no,northwest,9174.13565
23,male,24.51,0,no,northeast,2396.0959
57,male,40.37,0,no,southeast,10982.5013
18,male,31.73,0,yes,northeast,33732.6867
21,female,17.4,1,no,southwest,2585.269
48,male,40.565,2,yes,northwest,45702.02235
21,male,23.75,2,no,northwest,3077.0955
42,male,26.315,1,no,northwest,6940.90985
20,female,22.42,0,yes,northwest,14711.7438
33,female,19.095,2,yes,northeast,16776.30405
63,female,31.8,0,no,southwest,13880.949
57,male,42.13,1,yes,southeast,48675.5177
20,male,29.735,0,no,northwest,1769.53165
62,female,32.965,3,no,northwest,15612.19335
63,male,41.325,3,no,northwest,15555.18875
18,female,30.115,0,no,northeast,21344.8467
44,female,25.0,1,no,southwest,7623.518
60,male,31.35,3,yes,northwest,46130.5265
18,male,30.03,1,no,southeast,1720.3537
44,female,27.645,0,no,northwest,7421.19455
49,male,35.86,0,no,southeast,8124.4084
19,male,30.59,0,no,northwest,1639.5631
56,male,33.66,4,no,southeast,12949.1554
41,female,36.08,1,no,southeast,6781.3542
42,male,26.125,2,no,northeast,7729.64575
29,female,24.6,2,no,southwest,4529.477
19,male,25.555,0,no,northwest,1632.56445
46,female,32.3,2,no,northeast,9411.005
44,male,30.2,2,yes,southwest,38998.546
41,female,37.1,2,no,southwest,7371.772
32,female,44.22,0,no,southeast,3994.1778
27,male,33.155,2,no,northwest,4058.71245
47,male,25.46,2,no,northeast,9225.2564
44,male,32.015,2,no,northwest,8116.26885
60,female,32.45,0,yes,southeast,45008.9555
53,female,23.75,2,no,northeast,11729.6795
30,female,28.405,1,no,northwest,4527.18295
25,male,26.8,3,no,southwest,3906.127
27,female,24.1,0,no,southwest,2974.126
36,male,30.875,1,no,northwest,5373.36425
40,female,29.6,0,no,southwest,5910.944
61,female,33.33,4,no,southeast,36580.28216
47,male,47.52,1,no,southeast,8083.9198
30,male,28.69,3,yes,northwest,20745.9891
62,female,29.92,0,no,southeast,13457.9608
20,female,28.975,0,no,northwest,2257.47525
23,female,42.75,1,yes,northeast,40904.1995
19,male,44.88,0,yes,southeast,39722.7462
53,female,36.86,3,yes,northwest,46661.4424
50,male,31.825,0,yes,northeast,41097.16175
23,male,27.36,1,no,northwest,2789.0574
46,female,28.9,2,no,southwest,8823.279
36,male,28.025,1,yes,northeast,20773.62775
26,male,17.67,0,no,northwest,2680.9493
23,male,50.38,1,no,southeast,2438.0552
19,male,27.835,0,no,northwest,1635.73365
19,male,17.48,0,no,northwest,1621.3402
18,male,23.75,0,no,northeast,1705.6245
27,female,30.4,3,no,northwest,18804.7524
51,female,20.6,0,no,southwest,9264.797
55,female,40.81,3,no,southeast,12485.8009
35,male,39.71,4,no,northeast,19496.71917
21,male,36.85,0,no,southeast,1534.3045
25,female,28.595,0,no,northeast,3213.62205
43,female,32.56,3,yes,southeast,40941.2854
30,female,27.7,0,no,southwest,3554.203
19,female,21.7,0,yes,southwest,13844.506
39,male,42.655,0,no,northeast,5757.41345
18,male,23.085,0,no,northeast,1704.70015
27,female,25.175,0,no,northeast,3558.62025
30,male,38.83,1,no,southeast,18963.17192
47,male,36.19,0,yes,southeast,41676.0811
64,female,32.965,0,no,northwest,14692.66935
31,female,32.775,2,no,northwest,5327.40025
52,female,23.18,0,no,northeast,10197.7722
22,female,31.02,3,yes,southeast,35595.5898
62,male,21.4,0,no,southwest,12957.118
38,female,28.93,1,no,southeast,5974.3847
60,female,27.55,0,no,northeast,13217.0945
55,male,38.28,0,no,southeast,10226.2842
32,female,33.155,3,no,northwest,6128.79745
31,male,25.935,1,no,northwest,4239.89265
22,male,52.58,1,yes,southeast,44501.3982
18,female,27.28,3,yes,southeast,18223.4512
21,female,21.85,1,yes,northeast,15359.1045
44,female,29.81,2,no,southeast,8219.2039
20,male,33.33,0,no,southeast,1391.5287
58,female,29.0,0,no,southwest,11842.442
30,female,32.4,1,no,southwest,4149.736
55,male,27.645,0,no,northwest,10594.50155
24,male,31.065,0,yes,northeast,34254.05335
19,female,23.4,2,no,southwest,2913.569
34,male,42.9,1,no,southwest,4536.259
18,male,41.14,0,no,southeast,1146.7966
52,male,34.1,0,no,southeast,9140.951
45,female,27.83,2,no,southeast,8515.7587
32,female,29.59,1,no,southeast,4562.8421
35,male,34.77,2,no,northwest,5729.0053
22,female,30.4,0,yes,northwest,33907.548
51,male,24.415,4,no,northwest,11520.09985
35,female,38.095,2,no,northeast,24915.04626
28,male,36.4,1,yes,southwest,51194.55914
19,female,36.575,0,no,northwest,2136.88225
59,female,27.5,0,no,southwest,12233.828
63,female,21.66,0,no,northeast,14449.8544
30,male,37.8,2,yes,southwest,39241.442
51,male,27.74,1,no,northeast,9957.7216
52,female,24.86,0,no,southeast,27117.99378
42,male,34.1,0,no,southwest,5979.731
27,male,23.1,0,no,southeast,2483.736
55,male,30.685,0,yes,northeast,42303.69215
32,female,23.65,1,no,southeast,17626.23951
38,female,27.6,0,no,southwest,5383.536
51,female,39.5,1,no,southwest,9880.068
18,female,38.28,0,no,southeast,14133.03775
30,female,28.38,1,yes,southeast,19521.9682
19,male,30.59,0,no,northwest,1639.5631
47,female,36.0,1,no,southwest,8556.907
64,female,35.97,0,no,southeast,14313.8463
55,male,32.67,1,no,southeast,10807.4863
46,female,28.05,1,no,southeast,8233.0975
31,male,25.9,3,yes,southwest,19199.944
40,male,29.355,1,no,northwest,6393.60345
18,female,39.82,0,no,southeast,1633.9618
46,female,30.8,3,no,southwest,9414.92
47,male,32.3,1,no,southwest,8062.764
22,female,24.3,0,no,southwest,2150.469
33,male,29.4,4,no,southwest,6059.173
20,male,22.0,1,no,southwest,1964.78
33,female,32.9,2,no,southwest,5375.038
28,male,30.875,0,no,northwest,3062.50825
18,male,35.2,1,no,southeast,1727.54
59,male,29.7,2,no,southeast,12925.886
37,male,46.53,3,no,southeast,6435.6237
29,male,29.64,1,no,northeast,20277.80751
48,male,29.7,0,no,southeast,7789.635
45,male,20.35,3,no,southeast,8605.3615
54,female,27.645,1,no,northwest,11305.93455
50,female,28.16,3,no,southeast,10702.6424
26,male,27.06,0,yes,southeast,17043.3414
63,male,28.31,0,no,northwest,13770.0979
33,male,27.1,1,yes,southwest,19040.876
35,male,27.1,1,no,southwest,4746.344
51,male,23.21,1,yes,southeast,22218.1149
18,male,39.14,0,no,northeast,12890.05765
19,male,30.25,0,yes,southeast,32548.3405
19,male,33.1,0,no,southwest,23082.95533
34,female,29.26,3,no,southeast,6184.2994
20,male,31.13,2,no,southeast,2566.4707
49,female,42.68,2,no,southeast,9800.8882
43,male,26.03,0,no,northeast,6837.3687
39,male,21.85,1,no,northwest,6117.4945
27,female,24.75,0,yes,southeast,16577.7795
23,female,34.96,3,no,northwest,4466.6214
40,male,24.97,2,no,southeast,6593.5083
34,male,32.8,1,no,southwest,14358.36437
28,male,22.515,2,no,northeast,4428.88785
21,male,31.1,0,no,southwest,1526.312
19,male,36.955,0,yes,northwest,36219.40545
37,male,22.705,3,no,northeast,6985.50695
51,female,36.385,3,no,northwest,11436.73815
54,female,24.605,3,no,northwest,12479.70895
52,male,36.7,0,no,southwest,9144.565
45,female,33.1,0,no,southwest,7345.084
22,female,27.1,0,no,southwest,2154.361
59,male,37.4,0,no,southwest,21797.0004
38,male,21.12,3,no,southeast,6652.5288
38,female,19.95,2,no,northeast,7133.9025
39,male,28.3,1,yes,southwest,21082.16
49,female,21.3,1,no,southwest,9182.17
53,female,22.61,3,yes,northeast,24873.3849
18,female,40.26,0,no,southeast,1634.5734
21,male,31.255,0,no,northwest,1909.52745
62,male,32.015,0,yes,northeast,45710.20785
24,female,22.6,0,no,southwest,2457.502
56,female,27.2,0,no,southwest,11073.176
39,male,34.1,2,no,southeast,23563.01618
31,male,34.39,3,yes,northwest,38746.3551
50,female,27.83,3,no,southeast,19749.38338
44,female,23.98,2,no,southeast,8211.1002
32,male,35.2,2,no,southwest,4670.64
39,male,35.3,2,yes,southwest,40103.89
51,female,37.05,3,yes,northeast,46255.1125
24,male,29.3,0,no,southwest,1977.815
22,male,31.73,0,no,northeast,2254.7967
50,male,44.77,1,no,southeast,9058.7303
40,male,41.23,1,no,northeast,6610.1097
23,male,37.1,3,no,southwest,3597.596
58,female,32.965,0,no,northeast,12430.95335
62,female,32.68,0,no,northwest,13844.7972
20,male,30.685,0,yes,northeast,33475.81715
19,female,32.11,0,no,northwest,2130.6759
49,male,30.9,0,yes,southwest,39727.614
18,female,37.29,1,no,southeast,2219.4451
57,female,25.74,2,no,southeast,12629.1656
24,male,40.15,0,yes,southeast,38126.2465
41,female,33.155,3,no,northeast,8538.28845
20,male,27.93,0,no,northeast,1967.0227
49,female,33.345,2,no,northeast,10370.91255
18,male,28.31,1,no,northeast,11272.33139
40,male,19.8,1,yes,southeast,17179.522
27,female,30.59,1,no,northeast,16796.41194
49,male,32.3,3,no,northwest,10269.46
18,female,30.115,0,no,northeast,2203.47185
44,female,38.95,0,yes,northwest,42983.4585
51,female,34.1,0,no,southeast,9283.562
21,male,22.3,1,no,southwest,2103.08
19,female,32.49,0,yes,northwest,36898.73308
55,male,35.245,1,no,northeast,11394.06555
19,female,40.5,0,no,southwest,1759.338
38,female,28.0,3,no,southwest,7151.092
63,female,23.085,0,no,northeast,14451.83515
61,female,29.92,3,yes,southeast,30942.1918
53,female,26.7,2,no,southwest,11150.78
34,male,42.13,2,no,southeast,5124.1887
59,male,24.7,0,no,northeast,12323.936
54,male,31.6,0,no,southwest,9850.432
47,male,36.2,1,no,southwest,8068.185
31,female,29.1,0,no,southwest,3761.292
28,female,23.845,2,no,northwest,4719.73655
35,male,27.74,2,yes,northeast,20984.0936
20,female,29.6,0,no,southwest,1875.344
52,male,47.74,1,no,southeast,9748.9106
36,female,22.6,2,yes,southwest,18608.262
32,male,31.5,1,no,southwest,4076.497
64,female,31.3,2,yes,southwest,47291.055
23,female,28.31,0,yes,northwest,18033.9679
63,female,26.98,0,yes,northwest,28950.4692
63,female,36.85,0,no,southeast,13887.9685
55,male,29.9,0,no,southwest,10214.636
